pmid,category
30141778,Skin Diseases
30141294,Eye Diseases
30182324,Skin Diseases
30168876,Skin Diseases
30168024,Skin Diseases
30134552,Eye Diseases
30191652,Brain Diseases
30177109,Heart Diseases
30161131,Eye Diseases
30120215,Eye Diseases
30144538,Brain Diseases
30159271,Heart Diseases
30185915,Brain Diseases
30181659,Heart Diseases
30185634,Brain Diseases
30189996,Heart Diseases
30172478,Heart Diseases
30160809,Skin Diseases
30125255,Skin Diseases
30184509,Brain Diseases
30149102,Brain Diseases
30139766,Skin Diseases
30151279,Brain Diseases
30171209,Brain Diseases
30182580,Eye Diseases
30185782,Skin Diseases
30165356,Heart Diseases
30147381,Brain Diseases
30177061,Heart Diseases
30193604,Brain Diseases
30142787,Eye Diseases
30176874,Heart Diseases
30150979,Skin Diseases
30195022,Brain Diseases
30151344,Brain Diseases
30181197,Heart Diseases
30118655,Eye Diseases
30179120,Eye Diseases
30173706,Skin Diseases
30167896,Heart Diseases
30181299,Skin Diseases
30191497,Skin Diseases
30130790,Skin Diseases
30155401,Skin Diseases
30142850,Skin Diseases
30184487,Brain Diseases
30177113,Heart Diseases
30186183,Brain Diseases
30195867,Skin Diseases
30155904,Skin Diseases
30183066,Heart Diseases
30173580,Heart Diseases
30185226,Skin Diseases
30177657,Brain Diseases
30165778,Brain Diseases
30117603,Eye Diseases
30177815,Brain Diseases
30174424,Brain Diseases
30110348,Eye Diseases
30176068,Heart Diseases
30192051,Skin Diseases
30127131,Eye Diseases
30170387,Heart Diseases
30182153,Heart Diseases
30172748,Heart Diseases
30124262,Eye Diseases
30166512,Skin Diseases
30150731,Eye Diseases
30145817,Brain Diseases
30122538,Eye Diseases
30181012,Skin Diseases
30161054,Eye Diseases
30127182,Eye Diseases
30127162,Eye Diseases
30134115,Skin Diseases
30154730,Brain Diseases
30193191,Skin Diseases
30191330,Heart Diseases
30184239,Skin Diseases
30172947,Brain Diseases
30169196,Brain Diseases
30190573,Brain Diseases
30170413,Brain Diseases
30172578,Heart Diseases
30170431,Brain Diseases
30127177,Eye Diseases
30180904,Brain Diseases
30170456,Heart Diseases
30184459,Brain Diseases
30148244,Eye Diseases
30191652,Heart Diseases
30148647,Eye Diseases
30149836,Brain Diseases
30170071,Heart Diseases
30173915,Brain Diseases
30191330,Brain Diseases
30195567,Skin Diseases
30148472,Skin Diseases
30168253,Brain Diseases
30145354,Eye Diseases
30105182,Eye Diseases
30168058,Eye Diseases
30148802,Skin Diseases
30099260,Eye Diseases
30174534,Brain Diseases
30186288,Heart Diseases
30186519,Heart Diseases
30154523,Skin Diseases
30160699,Skin Diseases
30178325,Brain Diseases
30173823,Heart Diseases
30128159,Eye Diseases
30167570,Brain Diseases
30107657,Eye Diseases
30159073,Skin Diseases
30145300,Brain Diseases
30107828,Eye Diseases
30169624,Eye Diseases
30093867,Eye Diseases
30181650,Brain Diseases
30185885,Brain Diseases
30177118,Heart Diseases
30186271,Heart Diseases
30189467,Skin Diseases
30138941,Skin Diseases
30195419,Heart Diseases
30141192,Skin Diseases
30158894,Brain Diseases
30193699,Heart Diseases
30185867,Skin Diseases
30158291,Brain Diseases
30167454,Heart Diseases
30170104,Eye Diseases
30168608,Heart Diseases
30183734,Heart Diseases
30176632,Heart Diseases
30190085,Brain Diseases
30127173,Eye Diseases
30149153,Brain Diseases
30157717,Skin Diseases
30171200,Eye Diseases
30149600,Skin Diseases
30094836,Eye Diseases
30186157,Skin Diseases
30132251,Skin Diseases
30159435,Heart Diseases
30158158,Brain Diseases
30123812,Skin Diseases
30155911,Skin Diseases
30127144,Skin Diseases
30166517,Eye Diseases
30172946,Heart Diseases
30166508,Eye Diseases
30153459,Brain Diseases
30170461,Heart Diseases
30178352,Eye Diseases
30115984,Eye Diseases
30146314,Skin Diseases
30188627,Brain Diseases
30127170,Eye Diseases
30168606,Eye Diseases
30165353,Heart Diseases
30127159,Eye Diseases
30189875,Brain Diseases
30127135,Eye Diseases
30127160,Eye Diseases
30195494,Heart Diseases
30125705,Skin Diseases
30166518,Eye Diseases
30186253,Skin Diseases
30194511,Brain Diseases
30150378,Brain Diseases
30175769,Brain Diseases
30165430,Heart Diseases
30141776,Skin Diseases
30116395,Eye Diseases
30156925,Eye Diseases
30177605,Brain Diseases
30165978,Heart Diseases
30194566,Skin Diseases
30190206,Heart Diseases
30170395,Heart Diseases
30158990,Heart Diseases
30153191,Skin Diseases
30137132,Skin Diseases
30158896,Brain Diseases
30169199,Heart Diseases
30138145,Skin Diseases
30127175,Eye Diseases
30196304,Heart Diseases
30153298,Brain Diseases
30142811,Skin Diseases
30159585,Heart Diseases
30145632,Brain Diseases
30175635,Brain Diseases
30158892,Brain Diseases
30170228,Heart Diseases
30186762,Brain Diseases
30145635,Skin Diseases
30150921,Skin Diseases
30112461,Eye Diseases
30175243,Heart Diseases
30149804,Brain Diseases
30146345,Brain Diseases
30180891,Skin Diseases
30160804,Heart Diseases
30174424,Heart Diseases
30100386,Eye Diseases
30155598,Skin Diseases
30144746,Brain Diseases
30169236,Brain Diseases
30157945,Brain Diseases
30171266,Heart Diseases
30119787,Eye Diseases
30175238,Heart Diseases
30127141,Eye Diseases
30128371,Eye Diseases
30166510,Eye Diseases
30158289,Brain Diseases
30174843,Heart Diseases
30107834,Eye Diseases
30144026,Skin Diseases
30127166,Eye Diseases
30180843,Heart Diseases
30185887,Skin Diseases
30170386,Heart Diseases
30128029,Skin Diseases
30190647,Heart Diseases
30171731,Heart Diseases
30142772,Eye Diseases
30165139,Brain Diseases
30180810,Skin Diseases
30170154,Skin Diseases
30169330,Brain Diseases
30133949,Skin Diseases
30170483,Brain Diseases
30104599,Eye Diseases
30169620,Skin Diseases
30144694,Brain Diseases
30096725,Eye Diseases
30127165,Eye Diseases
30177808,Brain Diseases
30177479,Heart Diseases
30186225,Brain Diseases
30174998,Eye Diseases
30190508,Heart Diseases
30156387,Skin Diseases
30184307,Heart Diseases
30174419,Heart Diseases
30185081,Heart Diseases
30154797,Skin Diseases
30120928,Eye Diseases
30181845,Skin Diseases
30165141,Heart Diseases
30195780,Brain Diseases
30175277,Brain Diseases
30171276,Skin Diseases
30186099,Brain Diseases
30184211,Skin Diseases
30127148,Eye Diseases
30144542,Brain Diseases
30135968,Skin Diseases
30092767,Eye Diseases
30173827,Heart Diseases
30132873,Skin Diseases
30167099,Heart Diseases
30169464,Heart Diseases
30168100,Brain Diseases
30175230,Brain Diseases
30141305,Eye Diseases
30177575,Brain Diseases
30127136,Eye Diseases
30190648,Heart Diseases
30122888,Eye Diseases
30176269,Brain Diseases
30144436,Brain Diseases
30135981,Skin Diseases
30157247,Brain Diseases
30195566,Skin Diseases
30097432,Eye Diseases
30178268,Eye Diseases
30147646,Brain Diseases
30169282,Skin Diseases
30175494,Skin Diseases
30178753,Eye Diseases
30148487,Skin Diseases
30186604,Brain Diseases
30123842,Skin Diseases
30174890,Heart Diseases
30179588,Heart Diseases
30100976,Eye Diseases
30189890,Skin Diseases
30126999,Eye Diseases
30096086,Eye Diseases
30151725,Brain Diseases
30189209,Brain Diseases
30168024,Heart Diseases
30167784,Brain Diseases
30167798,Heart Diseases
30194371,Brain Diseases
30127164,Eye Diseases
30115024,Eye Diseases
30185612,Heart Diseases
30189626,Heart Diseases
30142363,Eye Diseases
30142285,Eye Diseases
30194516,Heart Diseases
30188935,Heart Diseases
30149064,Eye Diseases
30124818,Eye Diseases
30167935,Heart Diseases
30174609,Brain Diseases
30195441,Brain Diseases
30172708,Eye Diseases
30166513,Eye Diseases
30153765,Eye Diseases
30172113,Heart Diseases
30171843,Brain Diseases
30188839,Brain Diseases
30186504,Skin Diseases
30180886,Brain Diseases
30153959,Skin Diseases
30191597,Heart Diseases
30159004,Brain Diseases
30158856,Brain Diseases
30113489,Eye Diseases
30146492,Brain Diseases
30168088,Brain Diseases
30127169,Eye Diseases
30196403,Brain Diseases
30104680,Eye Diseases
30127132,Eye Diseases
30147259,Skin Diseases
30165303,Brain Diseases
30171598,Heart Diseases
30185672,Skin Diseases
30177812,Brain Diseases
30137482,Skin Diseases
30127150,Eye Diseases
30166424,Heart Diseases
30180964,Heart Diseases
30097452,Eye Diseases
30144540,Brain Diseases
30145328,Skin Diseases
30174165,Heart Diseases
30159813,Brain Diseases
30150441,Skin Diseases
30191380,Brain Diseases
30186510,Brain Diseases
30107648,Eye Diseases
30173871,Eye Diseases
30183673,Heart Diseases
30196521,Heart Diseases
30122768,Eye Diseases
30159624,Skin Diseases
30171026,Heart Diseases
30127147,Eye Diseases
30184459,Heart Diseases
30140264,Skin Diseases
30177106,Brain Diseases
30188173,Heart Diseases
30157172,Eye Diseases
30092221,Eye Diseases
30123842,Eye Diseases
30166351,Skin Diseases
30156663,Skin Diseases
30145169,Brain Diseases
30183461,Skin Diseases
30181894,Heart Diseases
30190412,Brain Diseases
30103708,Eye Diseases
30193537,Heart Diseases
30175403,Brain Diseases
30172927,Heart Diseases
30168847,Skin Diseases
30160673,Brain Diseases
30127138,Eye Diseases
30144887,Skin Diseases
30127176,Eye Diseases
30170378,Eye Diseases
30150993,Brain Diseases
30177108,Heart Diseases
30175285,Heart Diseases
30170589,Skin Diseases
30175649,Heart Diseases
30155794,Eye Diseases
30174600,Heart Diseases
30183050,Heart Diseases
30166788,Skin Diseases
30096015,Eye Diseases
30174886,Skin Diseases
30185466,Brain Diseases
30099393,Eye Diseases
30177112,Heart Diseases
30166888,Heart Diseases
30149693,Brain Diseases
30166532,Eye Diseases
30185147,Brain Diseases
30194325,Brain Diseases
30165626,Brain Diseases
30196146,Brain Diseases
30142821,Eye Diseases
30099379,Eye Diseases
30186106,Brain Diseases
30124873,Skin Diseases
30179807,Brain Diseases
30160019,Skin Diseases
30190663,Eye Diseases
30142810,Skin Diseases
30175288,Brain Diseases
30159436,Heart Diseases
30175320,Heart Diseases
30136095,Skin Diseases
30160678,Brain Diseases
30181258,Heart Diseases
30175160,Skin Diseases
30195034,Heart Diseases
30147810,Brain Diseases
30156510,Skin Diseases
30194931,Eye Diseases
30176650,Heart Diseases
30127161,Eye Diseases
30142832,Eye Diseases
30188572,Skin Diseases
30191647,Heart Diseases
30186407,Heart Diseases
30127155,Eye Diseases
30165239,Eye Diseases
30158879,Heart Diseases
30188595,Heart Diseases
30181538,Skin Diseases
30124885,Skin Diseases
30196203,Heart Diseases
30171209,Eye Diseases
30148724,Eye Diseases
30153887,Skin Diseases
30171858,Eye Diseases
30148218,Brain Diseases
30168024,Eye Diseases
30178856,Heart Diseases
30186752,Brain Diseases
30170383,Brain Diseases
30126397,Eye Diseases
30188628,Brain Diseases
30153816,Eye Diseases
30126460,Eye Diseases
30184739,Skin Diseases
30179735,Heart Diseases
30141392,Eye Diseases
30159585,Brain Diseases
30114003,Eye Diseases
30146428,Brain Diseases
30167324,Heart Diseases
30133700,Eye Diseases
30149308,Brain Diseases
30107768,Eye Diseases
30159091,Heart Diseases
30182478,Heart Diseases
30183052,Heart Diseases
30123378,Eye Diseases
30189397,Heart Diseases
30141249,Skin Diseases
30141531,Skin Diseases
30176860,Brain Diseases
30127154,Eye Diseases
30140873,Skin Diseases
30183523,Heart Diseases
30150359,Brain Diseases
30185415,Skin Diseases
30170389,Heart Diseases
30129530,Skin Diseases
30182164,Heart Diseases
30177115,Heart Diseases
30155587,Brain Diseases
30133755,Skin Diseases
30177110,Heart Diseases
30191469,Heart Diseases
30109794,Eye Diseases
30177139,Heart Diseases
30174816,Heart Diseases
30186153,Brain Diseases
30190489,Brain Diseases
30127145,Eye Diseases
30166544,Heart Diseases
30168099,Brain Diseases
30145809,Brain Diseases
30123814,Eye Diseases
30191483,Heart Diseases
30170382,Skin Diseases
30186230,Heart Diseases
30179800,Heart Diseases
30171911,Brain Diseases
30161042,Skin Diseases
30127156,Eye Diseases
30157172,Brain Diseases
30139924,Eye Diseases
30165208,Brain Diseases
30195422,Heart Diseases
30149758,Brain Diseases
30134137,Skin Diseases
30176205,Skin Diseases
30127134,Eye Diseases
30176550,Eye Diseases
30179336,Skin Diseases
30166441,Brain Diseases
30130768,Skin Diseases
30193612,Skin Diseases
30130765,Skin Diseases
30158706,Brain Diseases
30144556,Eye Diseases
30131805,Skin Diseases
30172221,Eye Diseases
30188628,Heart Diseases
30135250,Skin Diseases
30178362,Brain Diseases
30178606,Eye Diseases
30172949,Heart Diseases
30133705,Eye Diseases
30151656,Skin Diseases
30146030,Skin Diseases
30137243,Skin Diseases
30150999,Brain Diseases
30187958,Skin Diseases
30165413,Heart Diseases
30175975,Brain Diseases
30138623,Skin Diseases
30185673,Heart Diseases
30168281,Heart Diseases
30121092,Eye Diseases
30145846,Brain Diseases
30158694,Brain Diseases
30111340,Eye Diseases
30187939,Heart Diseases
30143075,Skin Diseases
30195817,Heart Diseases
30096087,Eye Diseases
30187641,Eye Diseases
30127140,Eye Diseases
30140870,Skin Diseases
30168573,Brain Diseases
30184293,Heart Diseases
30131173,Skin Diseases
30127791,Skin Diseases
30127143,Eye Diseases
30155886,Brain Diseases
30187162,Brain Diseases
30168608,Eye Diseases
30136349,Skin Diseases
30182841,Brain Diseases
30127153,Eye Diseases
30190587,Brain Diseases
30176480,Heart Diseases
30146320,Skin Diseases
30141181,Eye Diseases
30166516,Eye Diseases
30166569,Skin Diseases
30153804,Eye Diseases
30177473,Heart Diseases
30185154,Eye Diseases
30169902,Skin Diseases
30149526,Skin Diseases
30147656,Brain Diseases
30179981,Heart Diseases
30185665,Eye Diseases
30177233,Heart Diseases
30144300,Eye Diseases
30172727,Heart Diseases
30160338,Skin Diseases
30159116,Brain Diseases
30166712,Skin Diseases
30159782,Heart Diseases
30169916,Skin Diseases
30134134,Eye Diseases
30107658,Eye Diseases
30129521,Skin Diseases
30159736,Brain Diseases
30140453,Eye Diseases
30173910,Heart Diseases
30192914,Heart Diseases
30151012,Brain Diseases
30145792,Brain Diseases
30148987,Eye Diseases
30131772,Skin Diseases
30177663,Heart Diseases
30142845,Skin Diseases
30110584,Eye Diseases
30186545,Heart Diseases
30127359,Skin Diseases
30124876,Skin Diseases
30190575,Skin Diseases
30179120,Skin Diseases
30131007,Skin Diseases
30142722,Skin Diseases
30172946,Brain Diseases
30194133,Heart Diseases
30194932,Heart Diseases
30173378,Brain Diseases
30177105,Heart Diseases
30186890,Skin Diseases
30146057,Brain Diseases
30181202,Heart Diseases
30175224,Skin Diseases
30151337,Brain Diseases
30170458,Brain Diseases
30134131,Skin Diseases
30195458,Skin Diseases
30127178,Eye Diseases
30174209,Skin Diseases
30181356,Heart Diseases
30159201,Brain Diseases
30165905,Heart Diseases
30176578,Brain Diseases
30155263,Eye Diseases
30189266,Brain Diseases
30107835,Eye Diseases
30177111,Heart Diseases
30131320,Skin Diseases
30128748,Skin Diseases
30157304,Eye Diseases
30193564,Heart Diseases
30170428,Brain Diseases
30148508,Skin Diseases
30120293,Eye Diseases
30168399,Heart Diseases
30189266,Heart Diseases
30183092,Skin Diseases
30169655,Skin Diseases
30160021,Skin Diseases
30170892,Heart Diseases
30182854,Brain Diseases
30158871,Brain Diseases
30188630,Brain Diseases
30189253,Heart Diseases
30177107,Heart Diseases
30142772,Skin Diseases
30180045,Heart Diseases
30187270,Heart Diseases
30149701,Skin Diseases
30133068,Eye Diseases
30135150,Skin Diseases
30191681,Brain Diseases
30182880,Heart Diseases
30168530,Skin Diseases
30192643,Heart Diseases
30158893,Brain Diseases
30154639,Skin Diseases
30134914,Skin Diseases
30166563,Heart Diseases
30165075,Eye Diseases
30152545,Skin Diseases
30178922,Heart Diseases
30166512,Eye Diseases
30130620,Skin Diseases
30121490,Eye Diseases
30193993,Brain Diseases
30167310,Heart Diseases
30190642,Heart Diseases
30174510,Heart Diseases
30170654,Heart Diseases
30127146,Eye Diseases
30129477,Skin Diseases
30151343,Brain Diseases
30194783,Heart Diseases
30166452,Heart Diseases
30178098,Heart Diseases
30157597,Eye Diseases
30140957,Skin Diseases
30170228,Brain Diseases
30191263,Heart Diseases
30126750,Eye Diseases
30149463,Brain Diseases
30134139,Skin Diseases
30177556,Heart Diseases
30158298,Skin Diseases
30158850,Brain Diseases
30142860,Skin Diseases
30186451,Heart Diseases
30148265,Skin Diseases
30170804,Skin Diseases
30127152,Eye Diseases
30172984,Brain Diseases
30150201,Skin Diseases
30186354,Heart Diseases
30166504,Eye Diseases
30149448,Brain Diseases
30143626,Skin Diseases
30097477,Eye Diseases
30193877,Brain Diseases
30185905,Brain Diseases
30159871,Heart Diseases
30186224,Brain Diseases
30173129,Heart Diseases
30190611,Brain Diseases
30177120,Heart Diseases
30170464,Heart Diseases
30174281,Heart Diseases
30158281,Skin Diseases
30159110,Heart Diseases
30157312,Brain Diseases
30175386,Eye Diseases
30177106,Heart Diseases
30132827,Skin Diseases
30177740,Skin Diseases
30135136,Eye Diseases
30160004,Skin Diseases
30176904,Skin Diseases
30158376,Brain Diseases
30152203,Eye Diseases
30178269,Brain Diseases
30189044,Brain Diseases
30160802,Skin Diseases
30095648,Eye Diseases
30156622,Skin Diseases
30183253,Skin Diseases
30166351,Eye Diseases
30120336,Eye Diseases
30146488,Brain Diseases
30141052,Skin Diseases
30102730,Eye Diseases
30177862,Brain Diseases
30149196,Brain Diseases
30189859,Brain Diseases
30137846,Skin Diseases
30127149,Eye Diseases
30130103,Skin Diseases
30177117,Heart Diseases
30169284,Heart Diseases
30165379,Heart Diseases
30160787,Skin Diseases
30173409,Brain Diseases
30174867,Heart Diseases
30183313,Brain Diseases
30179390,Heart Diseases
30103718,Eye Diseases
30107651,Eye Diseases
30138550,Skin Diseases
30158642,Heart Diseases
30127180,Eye Diseases
30118614,Eye Diseases
30127333,Eye Diseases
30194602,Skin Diseases
30187666,Heart Diseases
30190457,Heart Diseases
30171515,Brain Diseases
30146727,Brain Diseases
30153819,Eye Diseases
30169602,Heart Diseases
30170711,Brain Diseases
30104768,Eye Diseases
30099035,Eye Diseases
30123410,Skin Diseases
30188025,Eye Diseases
30137541,Skin Diseases
30127172,Eye Diseases
30179121,Brain Diseases
30157429,Brain Diseases
30092731,Eye Diseases
30189745,Skin Diseases
30140593,Eye Diseases
30191117,Heart Diseases
30142853,Skin Diseases
30096088,Eye Diseases
30166514,Eye Diseases
30108117,Eye Diseases
30157748,Brain Diseases
30127158,Eye Diseases
30114711,Eye Diseases
30175213,Skin Diseases
30185096,Heart Diseases
30170463,Eye Diseases
30173853,Heart Diseases
30178466,Heart Diseases
30174280,Heart Diseases
30159745,Eye Diseases
30165782,Heart Diseases
30153517,Brain Diseases
30095868,Eye Diseases
30127168,Eye Diseases
30153357,Brain Diseases
30177775,Heart Diseases
30127133,Eye Diseases
30158832,Skin Diseases
30190663,Skin Diseases
30160337,Heart Diseases
30170394,Heart Diseases
30146031,Skin Diseases
30169481,Skin Diseases
30135631,Skin Diseases
30194389,Brain Diseases
30148187,Brain Diseases
30144405,Brain Diseases
30194014,Brain Diseases
30170230,Heart Diseases
30153094,Eye Diseases
30161125,Brain Diseases
30150066,Brain Diseases
30166096,Heart Diseases
30151279,Eye Diseases
30181620,Brain Diseases
30189792,Heart Diseases
30175734,Heart Diseases
30184748,Skin Diseases
30143809,Skin Diseases
30174531,Heart Diseases
30171200,Brain Diseases
30127171,Eye Diseases
30182215,Skin Diseases
30181736,Skin Diseases
30127142,Eye Diseases
30171549,Heart Diseases
30150996,Brain Diseases
30195757,Brain Diseases
30160662,Brain Diseases
30112931,Eye Diseases
30183777,Heart Diseases
30185219,Brain Diseases
30194086,Brain Diseases
30167371,Brain Diseases
30166509,Eye Diseases
30187343,Skin Diseases
30135238,Skin Diseases
30127163,Eye Diseases
30126384,Eye Diseases
30150979,Eye Diseases
30186217,Brain Diseases
30189151,Eye Diseases
30187770,Brain Diseases
30187469,Skin Diseases
30099655,Eye Diseases
30193744,Heart Diseases
30137858,Skin Diseases
30157934,Skin Diseases
30172743,Heart Diseases
30167929,Heart Diseases
30167896,Brain Diseases
30170904,Heart Diseases
30160313,Heart Diseases
30166628,Brain Diseases
30161055,Eye Diseases
30127179,Eye Diseases
30155311,Skin Diseases
30105788,Eye Diseases
30166097,Skin Diseases
30096089,Eye Diseases
30173922,Heart Diseases
30194467,Skin Diseases
30145841,Brain Diseases
30142877,Eye Diseases
30142706,Skin Diseases
30188627,Heart Diseases
30160026,Heart Diseases
30144302,Brain Diseases
30177968,Heart Diseases
30152762,Skin Diseases
30179276,Heart Diseases
30149759,Brain Diseases
30171450,Skin Diseases
30138396,Eye Diseases
30095666,Eye Diseases
30173401,Heart Diseases
30109736,Eye Diseases
30150280,Eye Diseases
30170667,Heart Diseases
30184738,Heart Diseases
30158831,Eye Diseases
30128546,Eye Diseases
30182888,Heart Diseases
30157125,Skin Diseases
30149004,Brain Diseases
30179286,Brain Diseases
30148485,Brain Diseases
30182106,Brain Diseases
30182520,Skin Diseases
30148652,Eye Diseases
30196088,Brain Diseases
30186990,Skin Diseases
30134524,Skin Diseases
30165075,Brain Diseases
30194992,Skin Diseases
30183777,Skin Diseases
30155247,Brain Diseases
30171358,Skin Diseases
30127144,Eye Diseases
30144817,Skin Diseases
30175771,Brain Diseases
30185189,Brain Diseases
30150631,Brain Diseases
30143927,Skin Diseases
30127137,Eye Diseases
30148849,Brain Diseases
30195868,Heart Diseases
30168194,Eye Diseases
30098348,Eye Diseases
30181970,Heart Diseases
30172792,Heart Diseases
30195108,Brain Diseases
30188630,Heart Diseases
30159588,Heart Diseases
30174209,Heart Diseases
30096194,Eye Diseases